DNI,Nombre,Apellido1,Apellido2,Email,FechaNacimiento,CodigoPostal,TipoVia,Ciudad,Numero,Telefono,Sexo
Y8003664N,Mordy,Restorick,Guterson,mguterson0@artisteer.com,2010/01/24,,Hill,Honglin,5,398-213-6419,M
N0028070F,Helsa,McIlvoray,Bickardike,hbickardike1@ftc.gov,2001/08/20,182460,Lane,Vybor,61,411-565-0386,F
Y6246255T,Frayda,McBride,Maddox,fmaddox2@4shared.com,2004/10/12,,Plaza,Kyurdarmir,67,364-722-0805,F
B5591418Q,Julianne,Sorton,Corde,jcorde3@redcross.org,2009/10/06,430901,Crossing,Zykovo,44,262-290-1857,F
H3709024L,Calvin,Whitmore,Harnor,charnor4@ca.gov,2006/03/28,32271,Crossing,Andrijaševci,23,833-894-1538,M
K0257600B,Ives,Housin,Saph,isaph5@i2i.jp,2000/08/08,,Pass,Lewopao,40,929-568-4026,M
T2659841C,Heriberto,Di Boldi,Swayne,hswayne6@sfgate.com,2008/02/21,87592,Park,Santa Fe,75,505-306-2604,M
S9135643E,Karna,Pyford,Puttock,kputtock7@xinhuanet.com,2006/04/19,904 35,Alley,Umeå,32,339-150-8493,F
Q4648563N,Becka,Reinhart,Spottiswoode,bspottiswoode8@latimes.com,2004/05/28,,Pass,Wutumeiren,63,801-121-3475,F
X7346379E,Kora,Mitro,Charnick,kcharnick9@npr.org,2000/11/03,2423,Way,Радовиш,53,666-940-3534,F
E0257320W,Paulo,Oliphard,Suggitt,psuggitta@e-recht24.de,2009/01/04,,Way,Lixi,38,976-274-3456,M
X4377027A,Avis,Dubose,Bromont,abromontb@ocn.ne.jp,2003/05/27,,Point,Chishan,43,711-498-7891,F
H6004505B,Avictor,Leaning,Lowseley,alowseleyc@gmpg.org,2008/12/11,,Terrace,Yuanhou,52,717-665-9346,M
J5545900T,Bartholomew,Angier,Deely,bdeelyd@imdb.com,2001/04/21,37260-000,Trail,Perdões,3,587-394-6408,M
D7809575B,Rustie,Cowden,Andree,randreee@globo.com,2005/08/31,,Center,Patani,82,539-899-0127,M
I0058475U,Perkin,Hurch,Newall,pnewallf@yandex.ru,2007/08/21,,Street,Verkhn’odniprovs’k,56,213-493-7420,M
I7866574T,Mira,Shugg,Headings,mheadingsg@tripod.com,2003/02/06,,Street,Moussoro,48,842-431-3335,F
M8257778V,Rhett,Giacomuzzi,Gosart,rgosarth@lulu.com,2004/03/03,,Circle,Shklo,77,257-135-6419,M
H0669940T,Hayward,Steward,Meech,hmeechi@uiuc.edu,2004/06/09,44430,Trail,Hrvatska Kostajnica,25,157-100-3320,M
C7016170V,Glendon,Rance,Klimochkin,gklimochkinj@cam.ac.uk,2007/06/20,11511,Trail,Fantino,92,962-937-5632,M
